"https://www.youtube.com/watch?v=xHLnZMjJ8bY","Ashish"
"https://www.youtube.com/watch?v=tjnCVY4VQ7M","Ashish"
"https://www.youtube.com/watch?v=1puGzGe_mfU","Ashish"
"https://www.youtube.com/watch?v=Z9VoDwy-3Lc","Ashish"
"https://www.youtube.com/watch?v=lqGTCPY3t8k","Ashish"
"https://www.youtube.com/watch?v=sFMRqxCexDk","Ashish"
"https://www.youtube.com/watch?v=4fQeaM62mOY","Ashish"
"https://www.youtube.com/watch?v=xarC5jAiO7w","Ashish"
"https://www.youtube.com/watch?v=G-fxSQazjvs","Ashish"
"https://www.youtube.com/watch?v=X-sIsWrqAaU","Ashish"
"https://www.youtube.com/watch?v=i-nf-n-r73s","Ashish"
"https://www.youtube.com/watch?v=NaMLvkHoU_g","Swapnil"
"https://www.youtube.com/watch?v=RXWYDeGhe24","Swapnil"
"https://www.youtube.com/watch?v=o2DXt11SMNI","Swapnil"
"https://www.youtube.com/watch?v=75PpxGzR7s0","Swapnil"
"https://www.youtube.com/watch?v=WCTjFHyvEaM","Swapnil"
"https://www.youtube.com/watch?v=vA86QFrXoho","Swapnil"
